<ImportExportXml version="9.2.21044.125" SolutionPackageVersion="9.2" languagecode="1033" generatedBy="CrmLive" xmlns:xsi="http://www.w3.org/2001/XMLSchema-instance">
  <SolutionManifest>
    <UniqueName>NiamXrmFrameworkImplementation</UniqueName>
    <LocalizedNames>
      <LocalizedName description="Niam.Xrm.Framework Implementation" languagecode="1033" />
    </LocalizedNames>
    <Descriptions />
    <Version>1.0.0.1</Version>
    <Managed>0</Managed>
    <Publisher>
      <UniqueName>insurgo</UniqueName>
      <LocalizedNames>
        <LocalizedName description="Insurgo" languagecode="1033" />
      </LocalizedNames>
      <Descriptions />
      <EMailAddress xsi:nil="true"></EMailAddress>
      <SupportingWebsiteUrl xsi:nil="true"></SupportingWebsiteUrl>
      <CustomizationPrefix>new</CustomizationPrefix>
      <CustomizationOptionValuePrefix>10000</CustomizationOptionValuePrefix>
      <Addresses>
        <Address>
          <AddressNumber>1</AddressNumber>
          <AddressTypeCode>1</AddressTypeCode>
          <City xsi:nil="true"></City>
          <County xsi:nil="true"></County>
          <Country xsi:nil="true"></Country>
          <Fax xsi:nil="true"></Fax>
          <FreightTermsCode xsi:nil="true"></FreightTermsCode>
          <ImportSequenceNumber xsi:nil="true"></ImportSequenceNumber>
          <Latitude xsi:nil="true"></Latitude>
          <Line1 xsi:nil="true"></Line1>
          <Line2 xsi:nil="true"></Line2>
          <Line3 xsi:nil="true"></Line3>
          <Longitude xsi:nil="true"></Longitude>
          <Name xsi:nil="true"></Name>
          <PostalCode xsi:nil="true"></PostalCode>
          <PostOfficeBox xsi:nil="true"></PostOfficeBox>
          <PrimaryContactName xsi:nil="true"></PrimaryContactName>
          <ShippingMethodCode>1</ShippingMethodCode>
          <StateOrProvince xsi:nil="true"></StateOrProvince>
          <Telephone1 xsi:nil="true"></Telephone1>
          <Telephone2 xsi:nil="true"></Telephone2>
          <Telephone3 xsi:nil="true"></Telephone3>
          <TimeZoneRuleVersionNumber xsi:nil="true"></TimeZoneRuleVersionNumber>
          <UPSZone xsi:nil="true"></UPSZone>
          <UTCOffset xsi:nil="true"></UTCOffset>
          <UTCConversionTimeZoneCode xsi:nil="true"></UTCConversionTimeZoneCode>
        </Address>
        <Address>
          <AddressNumber>2</AddressNumber>
          <AddressTypeCode>1</AddressTypeCode>
          <City xsi:nil="true"></City>
          <County xsi:nil="true"></County>
          <Country xsi:nil="true"></Country>
          <Fax xsi:nil="true"></Fax>
          <FreightTermsCode xsi:nil="true"></FreightTermsCode>
          <ImportSequenceNumber xsi:nil="true"></ImportSequenceNumber>
          <Latitude xsi:nil="true"></Latitude>
          <Line1 xsi:nil="true"></Line1>
          <Line2 xsi:nil="true"></Line2>
          <Line3 xsi:nil="true"></Line3>
          <Longitude xsi:nil="true"></Longitude>
          <Name xsi:nil="true"></Name>
          <PostalCode xsi:nil="true"></PostalCode>
          <PostOfficeBox xsi:nil="true"></PostOfficeBox>
          <PrimaryContactName xsi:nil="true"></PrimaryContactName>
          <ShippingMethodCode>1</ShippingMethodCode>
          <StateOrProvince xsi:nil="true"></StateOrProvince>
          <Telephone1 xsi:nil="true"></Telephone1>
          <Telephone2 xsi:nil="true"></Telephone2>
          <Telephone3 xsi:nil="true"></Telephone3>
          <TimeZoneRuleVersionNumber xsi:nil="true"></TimeZoneRuleVersionNumber>
          <UPSZone xsi:nil="true"></UPSZone>
          <UTCOffset xsi:nil="true"></UTCOffset>
          <UTCConversionTimeZoneCode xsi:nil="true"></UTCConversionTimeZoneCode>
        </Address>
      </Addresses>
    </Publisher>
    <RootComponents>
      <RootComponent type="1" schemaName="account" behavior="0" />
      <RootComponent type="1" schemaName="contact" behavior="0" />
      <RootComponent type="1" schemaName="new_autonumber" behavior="0" />
      <RootComponent type="1" schemaName="new_order" behavior="0" />
      <RootComponent type="1" schemaName="new_orderdetail" behavior="0" />
      <RootComponent type="1" schemaName="new_ordersummary" behavior="0" />
      <RootComponent type="1" schemaName="sample_product" behavior="0" />
      <RootComponent type="9" schemaName="new_customorderstatus" behavior="0" />
      <RootComponent type="60" id="{4acc19f4-cf82-4aa5-8ba2-e950e1f0fdd7}" behavior="0" />
      <RootComponent type="60" id="{618f7df3-e348-493c-8d42-62d64697f3e9}" behavior="0" />
      <RootComponent type="60" id="{c71d4e61-951f-4f65-9426-930fe0c1302f}" behavior="0" />
      <RootComponent type="60" id="{d2b0f352-7b4d-4926-bfe9-2f8abff2a482}" behavior="0" />
      <RootComponent type="62" schemaName="new_insurgoapp" behavior="0" />
      <RootComponent type="80" schemaName="new_insurgoapp" behavior="0" />
    </RootComponents>
    <MissingDependencies>
      <MissingDependency>
        <Required type="1" schemaName="sample_idea" displayName="Idea" solution="InnovationHub (0.0.0.1)" />
        <Dependent type="10" schemaName="sample_sample_idea_contact" displayName="sample_sample_idea_contact" parentSchemaName="sample_idea" parentDisplayName="Idea" />
      </MissingDependency>
      <MissingDependency>
        <Required type="1" schemaName="sample_product" displayName="Product" solution="AssetCheckout (0.0.0.1)" />
        <Dependent type="1" schemaName="sample_product" displayName="Product" />
      </MissingDependency>
      <MissingDependency>
        <Required type="1" schemaName="sample_product" displayName="Product" solution="AssetCheckout (0.0.0.1)" />
        <Dependent type="10" schemaName="new_orderdetail_productid_sample_product" displayName="new_orderdetail_productid_sample_product" parentSchemaName="sample_product" parentDisplayName="Product" />
      </MissingDependency>
      <MissingDependency>
        <Required type="1" schemaName="sample_product" displayName="Product" solution="AssetCheckout (0.0.0.1)" />
        <Dependent type="2" schemaName="createdby" displayName="Created By" parentSchemaName="sample_product" parentDisplayName="Product" />
      </MissingDependency>
      <MissingDependency>
        <Required type="1" schemaName="sample_product" displayName="Product" solution="AssetCheckout (0.0.0.1)" />
        <Dependent type="2" schemaName="createdbyname" parentSchemaName="sample_product" parentDisplayName="Product" />
      </MissingDependency>
      <MissingDependency>
        <Required type="1" schemaName="sample_product" displayName="Product" solution="AssetCheckout (0.0.0.1)" />
        <Dependent type="2" schemaName="createdbyyominame" parentSchemaName="sample_product" parentDisplayName="Product" />
      </MissingDependency>
      <MissingDependency>
        <Required type="1" schemaName="sample_product" displayName="Product" solution="AssetCheckout (0.0.0.1)" />
        <Dependent type="2" schemaName="createdonbehalfby" displayName="Created By (Delegate)" parentSchemaName="sample_product" parentDisplayName="Product" />
      </MissingDependency>
      <MissingDependency>
        <Required type="1" schemaName="sample_product" displayName="Product" solution="AssetCheckout (0.0.0.1)" />
        <Dependent type="2" schemaName="createdonbehalfbyname" parentSchemaName="sample_product" parentDisplayName="Product" />
      </MissingDependency>
      <MissingDependency>
        <Required type="1" schemaName="sample_product" displayName="Product" solution="AssetCheckout (0.0.0.1)" />
        <Dependent type="2" schemaName="createdonbehalfbyyominame" parentSchemaName="sample_product" parentDisplayName="Product" />
      </MissingDependency>
      <MissingDependency>
        <Required type="1" schemaName="sample_product" displayName="Product" solution="AssetCheckout (0.0.0.1)" />
        <Dependent type="2" schemaName="entityimage" displayName="Product Image" parentSchemaName="sample_product" parentDisplayName="Product" />
      </MissingDependency>
      <MissingDependency>
        <Required type="1" schemaName="sample_product" displayName="Product" solution="AssetCheckout (0.0.0.1)" />
        <Dependent type="2" schemaName="entityimage_timestamp" parentSchemaName="sample_product" parentDisplayName="Product" />
      </MissingDependency>
      <MissingDependency>
        <Required type="1" schemaName="sample_product" displayName="Product" solution="AssetCheckout (0.0.0.1)" />
        <Dependent type="2" schemaName="entityimage_url" parentSchemaName="sample_product" parentDisplayName="Product" />
      </MissingDependency>
      <MissingDependency>
        <Required type="1" schemaName="sample_product" displayName="Product" solution="AssetCheckout (0.0.0.1)" />
        <Dependent type="2" schemaName="entityimageid" parentSchemaName="sample_product" parentDisplayName="Product" />
      </MissingDependency>
      <MissingDependency>
        <Required type="1" schemaName="sample_product" displayName="Product" solution="AssetCheckout (0.0.0.1)" />
        <Dependent type="2" schemaName="exchangerate" displayName="Exchange Rate" parentSchemaName="sample_product" parentDisplayName="Product" />
      </MissingDependency>
      <MissingDependency>
        <Required type="1" schemaName="sample_product" displayName="Product" solution="AssetCheckout (0.0.0.1)" />
        <Dependent type="2" schemaName="modifiedby" displayName="Modified By" parentSchemaName="sample_product" parentDisplayName="Product" />
      </MissingDependency>
      <MissingDependency>
        <Required type="1" schemaName="sample_product" displayName="Product" solution="AssetCheckout (0.0.0.1)" />
        <Dependent type="2" schemaName="modifiedbyname" parentSchemaName="sample_product" parentDisplayName="Product" />
      </MissingDependency>
      <MissingDependency>
        <Required type="1" schemaName="sample_product" displayName="Product" solution="AssetCheckout (0.0.0.1)" />
        <Dependent type="2" schemaName="modifiedbyyominame" parentSchemaName="sample_product" parentDisplayName="Product" />
      </MissingDependency>
      <MissingDependency>
        <Required type="1" schemaName="sample_product" displayName="Product" solution="AssetCheckout (0.0.0.1)" />
        <Dependent type="2" schemaName="modifiedonbehalfby" displayName="Modified By (Delegate)" parentSchemaName="sample_product" parentDisplayName="Product" />
      </MissingDependency>
      <MissingDependency>
        <Required type="1" schemaName="sample_product" displayName="Product" solution="AssetCheckout (0.0.0.1)" />
        <Dependent type="2" schemaName="modifiedonbehalfbyname" parentSchemaName="sample_product" parentDisplayName="Product" />
      </MissingDependency>
      <MissingDependency>
        <Required type="1" schemaName="sample_product" displayName="Product" solution="AssetCheckout (0.0.0.1)" />
        <Dependent type="2" schemaName="modifiedonbehalfbyyominame" parentSchemaName="sample_product" parentDisplayName="Product" />
      </MissingDependency>
      <MissingDependency>
        <Required type="1" schemaName="sample_product" displayName="Product" solution="AssetCheckout (0.0.0.1)" />
        <Dependent type="2" schemaName="ownerid" displayName="Owner" parentSchemaName="sample_product" parentDisplayName="Product" />
      </MissingDependency>
      <MissingDependency>
        <Required type="1" schemaName="sample_product" displayName="Product" solution="AssetCheckout (0.0.0.1)" />
        <Dependent type="2" schemaName="owneriddsc" parentSchemaName="sample_product" parentDisplayName="Product" />
      </MissingDependency>
      <MissingDependency>
        <Required type="1" schemaName="sample_product" displayName="Product" solution="AssetCheckout (0.0.0.1)" />
        <Dependent type="2" schemaName="owneridname" parentSchemaName="sample_product" parentDisplayName="Product" />
      </MissingDependency>
      <MissingDependency>
        <Required type="1" schemaName="sample_product" displayName="Product" solution="AssetCheckout (0.0.0.1)" />
        <Dependent type="2" schemaName="owneridtype" parentSchemaName="sample_product" parentDisplayName="Product" />
      </MissingDependency>
      <MissingDependency>
        <Required type="1" schemaName="sample_product" displayName="Product" solution="AssetCheckout (0.0.0.1)" />
        <Dependent type="2" schemaName="owneridyominame" parentSchemaName="sample_product" parentDisplayName="Product" />
      </MissingDependency>
      <MissingDependency>
        <Required type="1" schemaName="sample_product" displayName="Product" solution="AssetCheckout (0.0.0.1)" />
        <Dependent type="2" schemaName="owningbusinessunit" displayName="Owning Business Unit" parentSchemaName="sample_product" parentDisplayName="Product" />
      </MissingDependency>
      <MissingDependency>
        <Required type="1" schemaName="sample_product" displayName="Product" solution="AssetCheckout (0.0.0.1)" />
        <Dependent type="2" schemaName="owningteam" displayName="Owning Team" parentSchemaName="sample_product" parentDisplayName="Product" />
      </MissingDependency>
      <MissingDependency>
        <Required type="1" schemaName="sample_product" displayName="Product" solution="AssetCheckout (0.0.0.1)" />
        <Dependent type="2" schemaName="owninguser" displayName="Owning User" parentSchemaName="sample_product" parentDisplayName="Product" />
      </MissingDependency>
      <MissingDependency>
        <Required type="1" schemaName="sample_product" displayName="Product" solution="AssetCheckout (0.0.0.1)" />
        <Dependent type="2" schemaName="processid" displayName="Process Id" parentSchemaName="sample_product" parentDisplayName="Product" />
      </MissingDependency>
      <MissingDependency>
        <Required type="1" schemaName="sample_product" displayName="Product" solution="AssetCheckout (0.0.0.1)" />
        <Dependent type="2" schemaName="sample_categoryname" parentSchemaName="sample_product" parentDisplayName="Product" />
      </MissingDependency>
      <MissingDependency>
        <Required type="1" schemaName="sample_product" displayName="Product" solution="AssetCheckout (0.0.0.1)" />
        <Dependent type="2" schemaName="sample_colorname" parentSchemaName="sample_product" parentDisplayName="Product" />
      </MissingDependency>
      <MissingDependency>
        <Required type="1" schemaName="sample_product" displayName="Product" solution="AssetCheckout (0.0.0.1)" />
        <Dependent type="2" schemaName="sample_ratings_count" displayName="Rating (CountAverage)" parentSchemaName="sample_product" parentDisplayName="Product" />
      </MissingDependency>
      <MissingDependency>
        <Required type="1" schemaName="sample_product" displayName="Product" solution="AssetCheckout (0.0.0.1)" />
        <Dependent type="2" schemaName="sample_ratings_date" displayName="Rating (Last Updated On)" parentSchemaName="sample_product" parentDisplayName="Product" />
      </MissingDependency>
      <MissingDependency>
        <Required type="1" schemaName="sample_product" displayName="Product" solution="AssetCheckout (0.0.0.1)" />
        <Dependent type="2" schemaName="sample_ratings_state" displayName="Rating (State)" parentSchemaName="sample_product" parentDisplayName="Product" />
      </MissingDependency>
      <MissingDependency>
        <Required type="1" schemaName="sample_product" displayName="Product" solution="AssetCheckout (0.0.0.1)" />
        <Dependent type="2" schemaName="sample_ratings_sum" displayName="Rating (SumAverage)" parentSchemaName="sample_product" parentDisplayName="Product" />
      </MissingDependency>
      <MissingDependency>
        <Required type="1" schemaName="sample_product" displayName="Product" solution="AssetCheckout (0.0.0.1)" />
        <Dependent type="2" schemaName="sample_totalreserved_date" displayName="Total Reserved (Last Updated On)" parentSchemaName="sample_product" parentDisplayName="Product" />
      </MissingDependency>
      <MissingDependency>
        <Required type="1" schemaName="sample_product" displayName="Product" solution="AssetCheckout (0.0.0.1)" />
        <Dependent type="2" schemaName="sample_totalreserved_state" displayName="Total Reserved (State)" parentSchemaName="sample_product" parentDisplayName="Product" />
      </MissingDependency>
      <MissingDependency>
        <Required type="1" schemaName="sample_product" displayName="Product" solution="AssetCheckout (0.0.0.1)" />
        <Dependent type="2" schemaName="stageid" displayName="Stage Id" parentSchemaName="sample_product" parentDisplayName="Product" />
      </MissingDependency>
      <MissingDependency>
        <Required type="1" schemaName="sample_product" displayName="Product" solution="AssetCheckout (0.0.0.1)" />
        <Dependent type="2" schemaName="statecodename" parentSchemaName="sample_product" parentDisplayName="Product" />
      </MissingDependency>
      <MissingDependency>
        <Required type="1" schemaName="sample_product" displayName="Product" solution="AssetCheckout (0.0.0.1)" />
        <Dependent type="2" schemaName="statuscodename" parentSchemaName="sample_product" parentDisplayName="Product" />
      </MissingDependency>
      <MissingDependency>
        <Required type="1" schemaName="sample_product" displayName="Product" solution="AssetCheckout (0.0.0.1)" />
        <Dependent type="2" schemaName="transactioncurrencyid" displayName="Currency" parentSchemaName="sample_product" parentDisplayName="Product" />
      </MissingDependency>
      <MissingDependency>
        <Required type="1" schemaName="sample_product" displayName="Product" solution="AssetCheckout (0.0.0.1)" />
        <Dependent type="2" schemaName="transactioncurrencyidname" parentSchemaName="sample_product" parentDisplayName="Product" />
      </MissingDependency>
      <MissingDependency>
        <Required type="1" schemaName="sample_product" displayName="Product" solution="AssetCheckout (0.0.0.1)" />
        <Dependent type="2" schemaName="traversedpath" displayName="Traversed Path" parentSchemaName="sample_product" parentDisplayName="Product" />
      </MissingDependency>
      <MissingDependency>
        <Required type="1" schemaName="sample_product" displayName="Product" solution="AssetCheckout (0.0.0.1)" />
        <Dependent type="2" schemaName="versionnumber" displayName="Version Number" parentSchemaName="sample_product" parentDisplayName="Product" />
      </MissingDependency>
      <MissingDependency>
        <Required type="1" schemaName="sample_reservation" displayName="Reservation" solution="AssetCheckout (0.0.0.1)" />
        <Dependent type="1" schemaName="sample_product" displayName="Product" />
      </MissingDependency>
      <MissingDependency>
        <Required type="1" schemaName="sample_review" displayName="Review" solution="AssetCheckout (0.0.0.1)" />
        <Dependent type="1" schemaName="sample_product" displayName="Product" />
      </MissingDependency>
      <MissingDependency>
        <Required type="10" schemaName="sample_sample_idea_contact" displayName="sample_sample_idea_contact" parentSchemaName="sample_idea" parentDisplayName="Idea" solution="InnovationHub (0.0.0.1)" />
        <Dependent type="10" schemaName="sample_sample_idea_contact" displayName="sample_sample_idea_contact" parentSchemaName="sample_idea" parentDisplayName="Idea" />
      </MissingDependency>
      <MissingDependency>
        <Required type="10" schemaName="sample_sample_idea_contact" displayName="sample_sample_idea_contact" parentSchemaName="sample_idea" parentDisplayName="Idea" solution="InnovationHub (0.0.0.1)" />
        <Dependent type="2" schemaName="sample_contributorsidname" parentSchemaName="contact" parentDisplayName="Contact" />
      </MissingDependency>
      <MissingDependency>
        <Required type="2" schemaName="sample_contributorsid" displayName="Contributors" parentSchemaName="contact" parentDisplayName="Contact" solution="InnovationHub (0.0.0.1)" />
        <Dependent type="10" schemaName="sample_sample_idea_contact" displayName="sample_sample_idea_contact" parentSchemaName="sample_idea" parentDisplayName="Idea" />
      </MissingDependency>
      <MissingDependency>
        <Required type="2" schemaName="sample_ideaid" displayName="Idea" parentSchemaName="sample_idea" parentDisplayName="Idea" solution="InnovationHub (0.0.0.1)" />
        <Dependent type="10" schemaName="sample_sample_idea_contact" displayName="sample_sample_idea_contact" parentSchemaName="sample_idea" parentDisplayName="Idea" />
      </MissingDependency>
      <MissingDependency>
        <Required type="2" schemaName="sample_name" displayName="Name" parentSchemaName="sample_idea" parentDisplayName="Idea" solution="InnovationHub (0.0.0.1)" />
        <Dependent type="10" schemaName="sample_sample_idea_contact" displayName="sample_sample_idea_contact" parentSchemaName="sample_idea" parentDisplayName="Idea" />
      </MissingDependency>
      <MissingDependency>
        <Required type="2" schemaName="sample_name" displayName="Name" parentSchemaName="sample_product" parentDisplayName="Product" solution="AssetCheckout (0.0.0.1)" />
        <Dependent type="10" schemaName="new_orderdetail_productid_sample_product" displayName="new_orderdetail_productid_sample_product" parentSchemaName="sample_product" parentDisplayName="Product" />
      </MissingDependency>
      <MissingDependency>
        <Required type="2" schemaName="sample_productid" displayName="Product" parentSchemaName="sample_product" parentDisplayName="Product" solution="AssetCheckout (0.0.0.1)" />
        <Dependent type="10" schemaName="new_orderdetail_productid_sample_product" displayName="new_orderdetail_productid_sample_product" parentSchemaName="sample_product" parentDisplayName="Product" />
      </MissingDependency>
      <MissingDependency>
        <Required type="61" schemaName="msdyn_/Images/AppModule_Default_Icon.png" displayName="msdyn_/Images/AppModule_Default_Icon.png" solution="AppModuleWebResources (2.5)" />
        <Dependent type="80" schemaName="new_insurgoapp" displayName="Insurgo" />
      </MissingDependency>
    </MissingDependencies>
  </SolutionManifest>
</ImportExportXml>